id,page_username
1,ActOfValorMovie
2,Agneepath
3,ALateQuartet
4,AlbertNobbs
5,AlexCrossMovie
6,AmourFilm
7,AnnaKareninaTheMovie
8,arbitragemovie
9,ARoyalAffairMovie
10,avengers
11,avengers
12,Battleship
13,BeastsoftheSouthernWild
14,bigmiraclemovie
15,bobmarleymovie
16,boom
17,CASAmovie
18,celesteandjesseforever
19,chasingice
20,ChasingMavericks
21,chernobyldiaries
22,Chronicle
23,Contraband
24,crookedarrows
25,darkshadowsmovie
26,DianaVreelandFilm
27,DisneynatureChimpanzee
28,dreddthemovie
29,EkMainAurEkkTu
30,EkThaTiger
31,endofwatchmovie
32,FarewellMyQueenFilm
33,FirstPositionDoc
34,FiveYearEngagement
35,FlightMovie
36,Footnote-136341779801626
37,forgreaterglory
38,Frankenweenie
39,FriendsWithKidsMovie
40,FunSizeMovie
41,ghostridermovie
42,GIRLINPROGRESSmovie
43,Gone
44,GoodDeedsMovie
45,GoonFilm
46,guilttripmovie
47,haywiremovie
48,headhuntersfilm
49,hitandrunmovie
50,HopeSpringsMovie
51,HotelT
52,HouseAtTheEnd
53,HydeParkOnHudson
54,Hysteriamovie
55,IceAge
56,indarknessmovie
57,JabTakHaiJaan
58,JackReacherMovie
59,JamesBond007
60,JeffWhoLivesAtHome
61,jirodreamsofsushimovie
62,JohnCarterMovie
63,journey2themysteriousisland
64,JoyfulNoise
65,KillerJoeTheMovie
66,LastOunceofCourage
67,LifeofPi
68,LincolnMovie
69,lockoutmovie
70,LooperMovie
71,MadagascarMovie
72,madeaswitnessprotection
73,makerubyreal
74,ManOnALedge
75,MIBmovie
76,monsieurlazharmovie
77,MoonriseKingdom
78,OddLifeMovie
79,oneforthemoneymovie
80,paranormalactivity
81,ParaNorman
82,ParentalGuidance
83,peoplelikeus
84,PiratesMovie
85,pitchperfectmovie
86,PixarBrave
87,PlayingForKeepsMovie
88,PremiumRushMovie
89,PromisedLandMovie
90,QueenofVersailles
91,RedDawnFilm
92,Red-Tails-Movie-Fan-Page-116490438450130
93,ResidentEvilMovie
94,RiseoftheGuardians
95,RobotandFrank
96,RockofAges
97,safemovie
98,SafetyNotGuaranteed
99,SalmonFishingInTheYemen
100,SamsaraFilm
101,SearchingForSugarMan
102,SecretWorldofArrietty
103,seekingafriendmovie
104,SilentHillRevelation
105,SilentHouse
106,SinisterMovie
107,SleepwalkMovie
108,Sparkle
109,TakenMovies
110,TakeThisWaltz
111,TalaashTheOfficial
112,theapparition
113,TheCabininTheWoods
114,TheColdLightofDay.ma
115,thecollectionmovie
116,TheDevilInsideMovie
117,TheHungerGamesMovie
118,TheImpossibleMovie
119,theintouchables
120,TheKidWithABike
121,theloraxuk
122,TheLuckyOneMovie
123,TheOogieloves
124,TheOtherSonFilm
125,ThePossessionMovie
126,TheRaidUS
127,thethreestooges
128,TheVow
129,thewatchmovie
130,TheWomanInBlackMovie
131,thewordsmovie
132,ThinkLikeAMan
133,thismeanswar
134,ThousandWordsMovie
135,ToRomeWithLoveMovie
136,TotalRecall
137,TroubleWithTheCurve
138,twilight
139,unchainedmovie
140,unconditionalthemovie
141,vampirehunter
142,WallflowerMovie
143,WhatToExpectMovie
144,wimpykidmovie
145,WontBackDown
146,WrathOfTheTitans
147,WreckItRalph
148,YourSistersSister
149,ZeroDarkThirty
